sku,item_description,stock_quantity,brand,category,sub_category,color,storage_capacity,price,image_link
MTUV3AA/A,iPhone 15 Pro 128GB Black Titanium ,10,Apple,iPhone,iPhone 15 Pro,Black Titanium,128GB,1691.86,https://store.storeimages.cdn-apple.com/1/as-images.apple.com/is/iphone-15-pro-finish-select-202309-6-1inch-blacktitanium?wid=5120&hei=2880&fmt=webp&qlt=70&.v=VW44dkRidm5wazhwcGxtL0cyaEJ2VTkrNXBUdUJSK1k4NE5seUtJaW80ZW95OFpIcWQ1d0NuTUppaGxOVkdhQWlCQmV2WTA2cncybDF2YzFnKzI0S2prMCtUNWwzYWR0UVU3TWVsbEdUeXRjODhrWk5XcFl2eGdtMU93TW5UemNnaGZTejMxa0hnUE1YYTBGeVJZdVBBPT0=&traceId=1
MTUW3AA/A,iPhone 15 Pro 128GB White Titanium ,10,Apple,iPhone,iPhone 15 Pro,White Titanium,128GB,1691.86,https://store.storeimages.cdn-apple.com/1/as-images.apple.com/is/iphone-15-pro-finish-select-202309-6-1inch-whitetitanium?wid=5120&hei=2880&fmt=webp&qlt=70&.v=VW44dkRidm5wazhwcGxtL0cyaEJ2VTkrNXBUdUJSK1k4NE5seUtJaW80ZE9GbVRLdFoyOVBmczRNaU91Q1BaNWlCQmV2WTA2cncybDF2YzFnKzI0S2prMCtUNWwzYWR0UVU3TWVsbEdUeXRjODhrWk5XcFl2eGdtMU93TW5UemN5bURtdG84aElEZERZa0lIV3FCN1lBPT0=&traceId=1
MTUX3AA/A,iPhone 15 Pro 128GB Natural  Titanium,10,Apple,iPhone,iPhone 15 Pro,Natural Titanium,128GB,1691.86,https://store.storeimages.cdn-apple.com/1/as-images.apple.com/is/iphone-15-pro-finish-select-202309-6-1inch-naturaltitanium?wid=5120&hei=2880&fmt=webp&qlt=70&.v=VW44dkRidm5wazhwcGxtL0cyaEJ2VTkrNXBUdUJSK1k4NE5seUtJaW80ZEk5aWVjRmFBS2tnWEF6QzlCMm5HL0pOZTBYalh5Vk90cEc1K2wwRzFGejRMeXJHUnUva2huMjl4akFHOXNwVjA0YXFmK3VWSWZuRE9oVEFyUFR0T2hBa0RRdWFDUTBBczVnS0JqV3BGbkxRPT0=&traceId=1
MTV03AA/A,iPhone 15 Pro 128GB Blue Titanium ,20,Apple,iPhone,iPhone 15 Pro,Blue Titanium,128GB,1691.86,https://store.storeimages.cdn-apple.com/1/as-images.apple.com/is/iphone-15-pro-finish-select-202309-6-1inch-bluetitanium?wid=5120&hei=2880&fmt=webp&qlt=70&.v=VW44dkRidm5wazhwcGxtL0cyaEJ2VTkrNXBUdUJSK1k4NE5seUtJaW80Y1JhMkZic05CWW9VU1dxSWZUUWVyT3B3azBNWWRMTTJUR1Y1SkFQMTJmY3dDb1F2RTNvUEVHRkpGaGtOSVFHak1BVzRkYUlmdElTYk5KZFpJVWpSSncvTitpdit2K0pPbnlhL04zRlVpb29BPT0=&traceId=1
MTV13AA/A,iPhone 15 Pro 256GB Black Titanium ,10,Apple,iPhone,iPhone 15 Pro,Black Titanium,256GB,1839.972,https://store.storeimages.cdn-apple.com/1/as-images.apple.com/is/iphone-15-pro-finish-select-202309-6-1inch-blacktitanium?wid=5120&hei=2880&fmt=webp&qlt=70&.v=VW44dkRidm5wazhwcGxtL0cyaEJ2VTkrNXBUdUJSK1k4NE5seUtJaW80ZW95OFpIcWQ1d0NuTUppaGxOVkdhQWlCQmV2WTA2cncybDF2YzFnKzI0S2prMCtUNWwzYWR0UVU3TWVsbEdUeXRjODhrWk5XcFl2eGdtMU93TW5UemNnaGZTejMxa0hnUE1YYTBGeVJZdVBBPT0=&traceId=1
MTV43AA/A,iPhone 15 Pro 256GB White Titanium ,10,Apple,iPhone,iPhone 15 Pro,White Titanium,256GB,1839.972,https://store.storeimages.cdn-apple.com/1/as-images.apple.com/is/iphone-15-pro-finish-select-202309-6-1inch-whitetitanium?wid=5120&hei=2880&fmt=webp&qlt=70&.v=VW44dkRidm5wazhwcGxtL0cyaEJ2VTkrNXBUdUJSK1k4NE5seUtJaW80ZE9GbVRLdFoyOVBmczRNaU91Q1BaNWlCQmV2WTA2cncybDF2YzFnKzI0S2prMCtUNWwzYWR0UVU3TWVsbEdUeXRjODhrWk5XcFl2eGdtMU93TW5UemN5bURtdG84aElEZERZa0lIV3FCN1lBPT0=&traceId=1
MTV53AA/A,iPhone 15 Pro 256GB Natural  Titanium,10,Apple,iPhone,iPhone 15 Pro,Natural Titanium,256GB,1839.972,https://store.storeimages.cdn-apple.com/1/as-images.apple.com/is/iphone-15-pro-finish-select-202309-6-1inch-naturaltitanium?wid=5120&hei=2880&fmt=webp&qlt=70&.v=VW44dkRidm5wazhwcGxtL0cyaEJ2VTkrNXBUdUJSK1k4NE5seUtJaW80ZEk5aWVjRmFBS2tnWEF6QzlCMm5HL0pOZTBYalh5Vk90cEc1K2wwRzFGejRMeXJHUnUva2huMjl4akFHOXNwVjA0YXFmK3VWSWZuRE9oVEFyUFR0T2hBa0RRdWFDUTBBczVnS0JqV3BGbkxRPT0=&traceId=1
MTV63AA/A,iPhone 15 Pro 256GB Blue Titanium ,10,Apple,iPhone,iPhone 15 Pro,Blue Titanium,256GB,1839.972,https://store.storeimages.cdn-apple.com/1/as-images.apple.com/is/iphone-15-pro-finish-select-202309-6-1inch-bluetitanium?wid=5120&hei=2880&fmt=webp&qlt=70&.v=VW44dkRidm5wazhwcGxtL0cyaEJ2VTkrNXBUdUJSK1k4NE5seUtJaW80Y1JhMkZic05CWW9VU1dxSWZUUWVyT3B3azBNWWRMTTJUR1Y1SkFQMTJmY3dDb1F2RTNvUEVHRkpGaGtOSVFHak1BVzRkYUlmdElTYk5KZFpJVWpSSncvTitpdit2K0pPbnlhL04zRlVpb29BPT0=&traceId=1
MTV73AA/A,iPhone 15 Pro 512GB Black Titanium ,10,Apple,iPhone,iPhone 15 Pro,Black Titanium,512GB,2154.716,https://store.storeimages.cdn-apple.com/1/as-images.apple.com/is/iphone-15-pro-finish-select-202309-6-1inch-blacktitanium?wid=5120&hei=2880&fmt=webp&qlt=70&.v=VW44dkRidm5wazhwcGxtL0cyaEJ2VTkrNXBUdUJSK1k4NE5seUtJaW80ZW95OFpIcWQ1d0NuTUppaGxOVkdhQWlCQmV2WTA2cncybDF2YzFnKzI0S2prMCtUNWwzYWR0UVU3TWVsbEdUeXRjODhrWk5XcFl2eGdtMU93TW5UemNnaGZTejMxa0hnUE1YYTBGeVJZdVBBPT0=&traceId=1
MTV83AA/A,iPhone 15 Pro 512GB White Titanium ,10,Apple,iPhone,iPhone 15 Pro,White Titanium,512GB,2154.716,https://store.storeimages.cdn-apple.com/1/as-images.apple.com/is/iphone-15-pro-finish-select-202309-6-1inch-whitetitanium?wid=5120&hei=2880&fmt=webp&qlt=70&.v=VW44dkRidm5wazhwcGxtL0cyaEJ2VTkrNXBUdUJSK1k4NE5seUtJaW80ZE9GbVRLdFoyOVBmczRNaU91Q1BaNWlCQmV2WTA2cncybDF2YzFnKzI0S2prMCtUNWwzYWR0UVU3TWVsbEdUeXRjODhrWk5XcFl2eGdtMU93TW5UemN5bURtdG84aElEZERZa0lIV3FCN1lBPT0=&traceId=1
MTV93AA/A,iPhone 15 Pro 512GB Natural  Titanium,10,Apple,iPhone,iPhone 15 Pro,Natural Titanium,512GB,2154.716,https://store.storeimages.cdn-apple.com/1/as-images.apple.com/is/iphone-15-pro-finish-select-202309-6-1inch-naturaltitanium?wid=5120&hei=2880&fmt=webp&qlt=70&.v=VW44dkRidm5wazhwcGxtL0cyaEJ2VTkrNXBUdUJSK1k4NE5seUtJaW80ZEk5aWVjRmFBS2tnWEF6QzlCMm5HL0pOZTBYalh5Vk90cEc1K2wwRzFGejRMeXJHUnUva2huMjl4akFHOXNwVjA0YXFmK3VWSWZuRE9oVEFyUFR0T2hBa0RRdWFDUTBBczVnS0JqV3BGbkxRPT0=&traceId=1
MTVA3AA/A,iPhone 15 Pro 512GB Blue Titanium ,19,Apple,iPhone,iPhone 15 Pro,Blue Titanium,512GB,2154.716,https://store.storeimages.cdn-apple.com/1/as-images.apple.com/is/iphone-15-pro-finish-select-202309-6-1inch-bluetitanium?wid=5120&hei=2880&fmt=webp&qlt=70&.v=VW44dkRidm5wazhwcGxtL0cyaEJ2VTkrNXBUdUJSK1k4NE5seUtJaW80Y1JhMkZic05CWW9VU1dxSWZUUWVyT3B3azBNWWRMTTJUR1Y1SkFQMTJmY3dDb1F2RTNvUEVHRkpGaGtOSVFHak1BVzRkYUlmdElTYk5KZFpJVWpSSncvTitpdit2K0pPbnlhL04zRlVpb29BPT0=&traceId=1
MTVC3AA/A,iPhone 15 Pro 1TB Black Titanium ,10,Apple,iPhone,iPhone 15 Pro,Black Titanium,1TB,2469.46,https://store.storeimages.cdn-apple.com/1/as-images.apple.com/is/iphone-15-pro-finish-select-202309-6-1inch-blacktitanium?wid=5120&hei=2880&fmt=webp&qlt=70&.v=VW44dkRidm5wazhwcGxtL0cyaEJ2VTkrNXBUdUJSK1k4NE5seUtJaW80ZW95OFpIcWQ1d0NuTUppaGxOVkdhQWlCQmV2WTA2cncybDF2YzFnKzI0S2prMCtUNWwzYWR0UVU3TWVsbEdUeXRjODhrWk5XcFl2eGdtMU93TW5UemNnaGZTejMxa0hnUE1YYTBGeVJZdVBBPT0=&traceId=1
MTVD3AA/A,iPhone 15 Pro 1TB White Titanium ,10,Apple,iPhone,iPhone 15 Pro,White Titanium,1TB,2469.46,https://store.storeimages.cdn-apple.com/1/as-images.apple.com/is/iphone-15-pro-finish-select-202309-6-1inch-whitetitanium?wid=5120&hei=2880&fmt=webp&qlt=70&.v=VW44dkRidm5wazhwcGxtL0cyaEJ2VTkrNXBUdUJSK1k4NE5seUtJaW80ZE9GbVRLdFoyOVBmczRNaU91Q1BaNWlCQmV2WTA2cncybDF2YzFnKzI0S2prMCtUNWwzYWR0UVU3TWVsbEdUeXRjODhrWk5XcFl2eGdtMU93TW5UemN5bURtdG84aElEZERZa0lIV3FCN1lBPT0=&traceId=1
MTVF3AA/A,iPhone 15 Pro 1TB Natural Titanium ,336,Apple,iPhone,iPhone 15 Pro,Natural Titanium,1TB,2469.46,https://store.storeimages.cdn-apple.com/1/as-images.apple.com/is/iphone-15-pro-finish-select-202309-6-1inch-naturaltitanium?wid=5120&hei=2880&fmt=webp&qlt=70&.v=VW44dkRidm5wazhwcGxtL0cyaEJ2VTkrNXBUdUJSK1k4NE5seUtJaW80ZEk5aWVjRmFBS2tnWEF6QzlCMm5HL0pOZTBYalh5Vk90cEc1K2wwRzFGejRMeXJHUnUva2huMjl4akFHOXNwVjA0YXFmK3VWSWZuRE9oVEFyUFR0T2hBa0RRdWFDUTBBczVnS0JqV3BGbkxRPT0=&traceId=1
MTVG3AA/A,iPhone 15 Pro 1TB Blue Titanium ,7,Apple,iPhone,iPhone 15 Pro,Blue Titanium,1TB,2469.46,https://store.storeimages.cdn-apple.com/1/as-images.apple.com/is/iphone-15-pro-finish-select-202309-6-1inch-bluetitanium?wid=5120&hei=2880&fmt=webp&qlt=70&.v=VW44dkRidm5wazhwcGxtL0cyaEJ2VTkrNXBUdUJSK1k4NE5seUtJaW80Y1JhMkZic05CWW9VU1dxSWZUUWVyT3B3azBNWWRMTTJUR1Y1SkFQMTJmY3dDb1F2RTNvUEVHRkpGaGtOSVFHak1BVzRkYUlmdElTYk5KZFpJVWpSSncvTitpdit2K0pPbnlhL04zRlVpb29BPT0=&traceId=1
MU773AA/A,iPhone 15 Pro Max 256GB Black  Titanium,1405,Apple,iPhone,iPhone 15 Pro Max,Black Titanium,256GB,1988.088,https://store.storeimages.cdn-apple.com/1/as-images.apple.com/is/iphone-15-pro-finish-select-202309-6-1inch-blacktitanium?wid=5120&hei=2880&fmt=webp&qlt=70&.v=VW44dkRidm5wazhwcGxtL0cyaEJ2VTkrNXBUdUJSK1k4NE5seUtJaW80ZW95OFpIcWQ1d0NuTUppaGxOVkdhQWlCQmV2WTA2cncybDF2YzFnKzI0S2prMCtUNWwzYWR0UVU3TWVsbEdUeXRjODhrWk5XcFl2eGdtMU93TW5UemNnaGZTejMxa0hnUE1YYTBGeVJZdVBBPT0=&traceId=1
MU783AA/A,iPhone 15 Pro Max 256GB White  Titanium,10,Apple,iPhone,iPhone 15 Pro Max,White Titanium,256GB,1988.088,https://store.storeimages.cdn-apple.com/1/as-images.apple.com/is/iphone-15-pro-finish-select-202309-6-1inch-whitetitanium?wid=5120&hei=2880&fmt=webp&qlt=70&.v=VW44dkRidm5wazhwcGxtL0cyaEJ2VTkrNXBUdUJSK1k4NE5seUtJaW80ZE9GbVRLdFoyOVBmczRNaU91Q1BaNWlCQmV2WTA2cncybDF2YzFnKzI0S2prMCtUNWwzYWR0UVU3TWVsbEdUeXRjODhrWk5XcFl2eGdtMU93TW5UemN5bURtdG84aElEZERZa0lIV3FCN1lBPT0=&traceId=1
MU793AA/A,iPhone 15 Pro Max 256GB Natural  Titanium,4175,Apple,iPhone,iPhone 15 Pro Max,Natural Titanium,256GB,1988.088,https://store.storeimages.cdn-apple.com/1/as-images.apple.com/is/iphone-15-pro-finish-select-202309-6-1inch-naturaltitanium?wid=5120&hei=2880&fmt=webp&qlt=70&.v=VW44dkRidm5wazhwcGxtL0cyaEJ2VTkrNXBUdUJSK1k4NE5seUtJaW80ZEk5aWVjRmFBS2tnWEF6QzlCMm5HL0pOZTBYalh5Vk90cEc1K2wwRzFGejRMeXJHUnUva2huMjl4akFHOXNwVjA0YXFmK3VWSWZuRE9oVEFyUFR0T2hBa0RRdWFDUTBBczVnS0JqV3BGbkxRPT0=&traceId=1
MU7A3AA/A,iPhone 15 Pro Max 256GB Blue  Titanium,40,Apple,iPhone,iPhone 15 Pro Max,Blue Titanium,256GB,1988.088,https://store.storeimages.cdn-apple.com/1/as-images.apple.com/is/iphone-15-pro-finish-select-202309-6-1inch-bluetitanium?wid=5120&hei=2880&fmt=webp&qlt=70&.v=VW44dkRidm5wazhwcGxtL0cyaEJ2VTkrNXBUdUJSK1k4NE5seUtJaW80Y1JhMkZic05CWW9VU1dxSWZUUWVyT3B3azBNWWRMTTJUR1Y1SkFQMTJmY3dDb1F2RTNvUEVHRkpGaGtOSVFHak1BVzRkYUlmdElTYk5KZFpJVWpSSncvTitpdit2K0pPbnlhL04zRlVpb29BPT0=&traceId=1
MU7C3AA/A,iPhone 15 Pro Max 512GB Black  Titanium,5,Apple,iPhone,iPhone 15 Pro Max,Black Titanium,512GB,2302.828,https://store.storeimages.cdn-apple.com/1/as-images.apple.com/is/iphone-15-pro-finish-select-202309-6-1inch-blacktitanium?wid=5120&hei=2880&fmt=webp&qlt=70&.v=VW44dkRidm5wazhwcGxtL0cyaEJ2VTkrNXBUdUJSK1k4NE5seUtJaW80ZW95OFpIcWQ1d0NuTUppaGxOVkdhQWlCQmV2WTA2cncybDF2YzFnKzI0S2prMCtUNWwzYWR0UVU3TWVsbEdUeXRjODhrWk5XcFl2eGdtMU93TW5UemNnaGZTejMxa0hnUE1YYTBGeVJZdVBBPT0=&traceId=1
MU7D3AA/A,iPhone 15 Pro Max 512GB White  Titanium,10,Apple,iPhone,iPhone 15 Pro Max,White Titanium,512GB,2302.828,https://store.storeimages.cdn-apple.com/1/as-images.apple.com/is/iphone-15-pro-finish-select-202309-6-1inch-whitetitanium?wid=5120&hei=2880&fmt=webp&qlt=70&.v=VW44dkRidm5wazhwcGxtL0cyaEJ2VTkrNXBUdUJSK1k4NE5seUtJaW80ZE9GbVRLdFoyOVBmczRNaU91Q1BaNWlCQmV2WTA2cncybDF2YzFnKzI0S2prMCtUNWwzYWR0UVU3TWVsbEdUeXRjODhrWk5XcFl2eGdtMU93TW5UemN5bURtdG84aElEZERZa0lIV3FCN1lBPT0=&traceId=1
MU7E3AA/A,iPhone 15 Pro Max 512GB Natural  Titanium,688,Apple,iPhone,iPhone 15 Pro Max,Natural Titanium,512GB,2302.828,https://store.storeimages.cdn-apple.com/1/as-images.apple.com/is/iphone-15-pro-finish-select-202309-6-1inch-naturaltitanium?wid=5120&hei=2880&fmt=webp&qlt=70&.v=VW44dkRidm5wazhwcGxtL0cyaEJ2VTkrNXBUdUJSK1k4NE5seUtJaW80ZEk5aWVjRmFBS2tnWEF6QzlCMm5HL0pOZTBYalh5Vk90cEc1K2wwRzFGejRMeXJHUnUva2huMjl4akFHOXNwVjA0YXFmK3VWSWZuRE9oVEFyUFR0T2hBa0RRdWFDUTBBczVnS0JqV3BGbkxRPT0=&traceId=1
MU7F3AA/A,iPhone 15 Pro Max 512GB Blue  Titanium,429,Apple,iPhone,iPhone 15 Pro Max,Blue Titanium,512GB,2302.828,https://store.storeimages.cdn-apple.com/1/as-images.apple.com/is/iphone-15-pro-finish-select-202309-6-1inch-bluetitanium?wid=5120&hei=2880&fmt=webp&qlt=70&.v=VW44dkRidm5wazhwcGxtL0cyaEJ2VTkrNXBUdUJSK1k4NE5seUtJaW80Y1JhMkZic05CWW9VU1dxSWZUUWVyT3B3azBNWWRMTTJUR1Y1SkFQMTJmY3dDb1F2RTNvUEVHRkpGaGtOSVFHak1BVzRkYUlmdElTYk5KZFpJVWpSSncvTitpdit2K0pPbnlhL04zRlVpb29BPT0=&traceId=1
MU7G3AA/A,iPhone 15 Pro Max 1TB Black  Titanium,10,Apple,iPhone,iPhone 15 Pro Max,Black Titanium,1TB,2617.572,https://store.storeimages.cdn-apple.com/1/as-images.apple.com/is/iphone-15-pro-finish-select-202309-6-1inch-blacktitanium?wid=5120&hei=2880&fmt=webp&qlt=70&.v=VW44dkRidm5wazhwcGxtL0cyaEJ2VTkrNXBUdUJSK1k4NE5seUtJaW80ZW95OFpIcWQ1d0NuTUppaGxOVkdhQWlCQmV2WTA2cncybDF2YzFnKzI0S2prMCtUNWwzYWR0UVU3TWVsbEdUeXRjODhrWk5XcFl2eGdtMU93TW5UemNnaGZTejMxa0hnUE1YYTBGeVJZdVBBPT0=&traceId=1
MU7H3AA/A,iPhone 15 Pro Max 1TB White  Titanium,20,Apple,iPhone,iPhone 15 Pro Max,White Titanium,1TB,2617.572,https://store.storeimages.cdn-apple.com/1/as-images.apple.com/is/iphone-15-pro-finish-select-202309-6-1inch-whitetitanium?wid=5120&hei=2880&fmt=webp&qlt=70&.v=VW44dkRidm5wazhwcGxtL0cyaEJ2VTkrNXBUdUJSK1k4NE5seUtJaW80ZE9GbVRLdFoyOVBmczRNaU91Q1BaNWlCQmV2WTA2cncybDF2YzFnKzI0S2prMCtUNWwzYWR0UVU3TWVsbEdUeXRjODhrWk5XcFl2eGdtMU93TW5UemN5bURtdG84aElEZERZa0lIV3FCN1lBPT0=&traceId=1
MU7J3AA/A,iPhone 15 Pro Max 1TB Natural  Titanium,12,Apple,iPhone,iPhone 15 Pro Max,Natural Titanium,1TB,2617.572,https://store.storeimages.cdn-apple.com/1/as-images.apple.com/is/iphone-15-pro-finish-select-202309-6-1inch-naturaltitanium?wid=5120&hei=2880&fmt=webp&qlt=70&.v=VW44dkRidm5wazhwcGxtL0cyaEJ2VTkrNXBUdUJSK1k4NE5seUtJaW80ZEk5aWVjRmFBS2tnWEF6QzlCMm5HL0pOZTBYalh5Vk90cEc1K2wwRzFGejRMeXJHUnUva2huMjl4akFHOXNwVjA0YXFmK3VWSWZuRE9oVEFyUFR0T2hBa0RRdWFDUTBBczVnS0JqV3BGbkxRPT0=&traceId=1
MU7K3AA/A,iPhone 15 Pro Max 1TB Blue Titanium ,59,Apple,iPhone,iPhone 15 Pro Max,Blue Titanium,1TB,2617.572,https://store.storeimages.cdn-apple.com/1/as-images.apple.com/is/iphone-15-pro-finish-select-202309-6-1inch-bluetitanium?wid=5120&hei=2880&fmt=webp&qlt=70&.v=VW44dkRidm5wazhwcGxtL0cyaEJ2VTkrNXBUdUJSK1k4NE5seUtJaW80Y1JhMkZic05CWW9VU1dxSWZUUWVyT3B3azBNWWRMTTJUR1Y1SkFQMTJmY3dDb1F2RTNvUEVHRkpGaGtOSVFHak1BVzRkYUlmdElTYk5KZFpJVWpSSncvTitpdit2K0pPbnlhL04zRlVpb29BPT0=&traceId=1
MK2K3AB/A,10.2-inch iPad Wi-Fi 64GB - Space Grey,973,Apple,iPad,iPad,Space Grey,64GB,615.896,https://store.storeimages.cdn-apple.com/4668/as-images.apple.com/is/ipad-10th-gen-finish-select-202212-silver?wid=5120&hei=2880&fmt=p-jpg&qlt=95&.v=1667592672884
MK2L3AB/A,10.2-inch iPad Wi-Fi 64GB - Silver ,414,Apple,iPad,iPad,Silver,64GB,597.46,https://store.storeimages.cdn-apple.com/4668/as-images.apple.com/is/ipad-10th-gen-finish-select-202212-silver?wid=5120&hei=2880&fmt=p-jpg&qlt=95&.v=1667592672884
MK473AB/A,10.2-inch iPad Wi-Fi - Cellular 64GB - Space Grey,183,Apple,iPad,iPad,Space Grey,64GB,818.716,https://store.storeimages.cdn-apple.com/4668/as-images.apple.com/is/ipad-10th-gen-finish-select-202212-silver?wid=5120&hei=2880&fmt=p-jpg&qlt=95&.v=1667592672884
MK493AB/A,10.2-inch iPad Wi-Fi - Cellular 64GB - Silver,22,Apple,iPad,iPad,Silver,64GB,818.716,https://store.storeimages.cdn-apple.com/4668/as-images.apple.com/is/ipad-10th-gen-finish-select-202212-silver?wid=5120&hei=2880&fmt=p-jpg&qlt=95&.v=1667592672884
MK7M3AB/A,iPad mini Wi-Fi 64GB - Space Grey ,2,Apple,iPad,iPad Mini 6,Space Grey,64GB,874.032,https://store.storeimages.cdn-apple.com/4668/as-images.apple.com/is/ipad-mini-finish-select-gallery-202211-space-gray?wid=5120&hei=2880&fmt=p-jpg&qlt=95&.v=1670950640653
MK7P3AB/A,iPad mini Wi-Fi 64GB - Starlight ,8,Apple,iPad,iPad Mini 6,Starlight,64GB,874.032,https://store.storeimages.cdn-apple.com/4668/as-images.apple.com/is/ipad-mini-finish-select-gallery-202211-starlight?wid=5120&hei=2880&fmt=p-jpg&qlt=95&.v=1670950636780
MK7R3AB/A,iPad mini Wi-Fi 64GB - Purple ,20,Apple,iPad,iPad Mini 6,Purple,64GB,874.032,https://store.storeimages.cdn-apple.com/4668/as-images.apple.com/is/ipad-mini-finish-select-gallery-202211-purple?wid=5120&hei=2880&fmt=p-jpg&qlt=95&.v=1670950640877
MK893AB/A,iPad mini Wi-Fi - Cellular 64GB - Space Grey,26,Apple,iPad,iPad Mini 6,Space Grey,64GB,1095.288,https://store.storeimages.cdn-apple.com/4668/as-images.apple.com/is/ipad-mini-finish-select-gallery-202211-space-gray?wid=5120&hei=2880&fmt=p-jpg&qlt=95&.v=1670950640653
MK8C3AB/A,iPad mini Wi-Fi - Cellular 64GB - Starlight,10,Apple,iPad,iPad Mini 6,Starlight,64GB,1106.352,https://store.storeimages.cdn-apple.com/4668/as-images.apple.com/is/ipad-mini-finish-select-gallery-202211-starlight?wid=5120&hei=2880&fmt=p-jpg&qlt=95&.v=1670950636780
MK8E3AB/A,iPad mini Wi-Fi - Cellular 64GB - Purple,10,Apple,iPad,iPad Mini 6,Purple,64GB,1106.352,https://store.storeimages.cdn-apple.com/4668/as-images.apple.com/is/ipad-mini-finish-select-gallery-202211-purple?wid=5120&hei=2880&fmt=p-jpg&qlt=95&.v=1670950640877
MLWL3AB/A,iPad mini Wi-Fi 64GB - Pink ,2,Apple,iPad,iPad Mini 6,Pink,64GB,885.096,https://store.storeimages.cdn-apple.com/4668/as-images.apple.com/is/ipad-mini-storage-select-202207-pink?wid=5120&hei=2880&fmt=p-jpg&qlt=95&.v=1670950635495
MLX43AB/A,iPad mini Wi-Fi - Cellular 64GB - Pink,6,Apple,iPad,iPad Mini 6,Pink,64GB,1095.288,https://store.storeimages.cdn-apple.com/4668/as-images.apple.com/is/ipad-mini-storage-select-202207-pink?wid=5120&hei=2880&fmt=p-jpg&qlt=95&.v=1670950635495
MM6R3AB/A,10.9-inch iPad Air Wi-Fi + Cellular 64GB - Space Grey,22,Apple,iPad,iPad Air,Space Grey,64GB,1242.792,https://store.storeimages.cdn-apple.com/4668/as-images.apple.com/is/ipad-air-finish-select-gallery-202405-11inch-starlight?wid=5120&hei=2880&fmt=p-jpg&qlt=95&.v=1713820130203
MM6U3AB/A,10.9-inch iPad Air Wi-Fi + Cellular 64GB - Blue,18,Apple,iPad,iPad Air,Blue,64GB,1242.792,https://store.storeimages.cdn-apple.com/4668/as-images.apple.com/is/ipad-air-finish-select-gallery-202405-11inch-blue?wid=5120&hei=2880&fmt=p-jpg&qlt=95&.v=1713820130252
MM6V3AB/A,10.9-inch iPad Air Wi-Fi + Cellular 64GB - Starlight,7,Apple,iPad,iPad Air,Starlight,64GB,1242.792,https://store.storeimages.cdn-apple.com/4668/as-images.apple.com/is/ipad-air-finish-select-gallery-202405-11inch-starlight?wid=5120&hei=2880&fmt=p-jpg&qlt=95&.v=1713820130203
MM9C3AB/A,10.9-inch iPad Air Wi-Fi 64GB - Space Grey,23,Apple,iPad,iPad Air,Space Grey,64GB,1021.536,https://store.storeimages.cdn-apple.com/4668/as-images.apple.com/is/ipad-air-finish-select-gallery-202405-11inch-starlight?wid=5120&hei=2880&fmt=p-jpg&qlt=95&.v=1713820130203
MM9E3AB/A,10.9-inch iPad Air Wi-Fi 64GB - Blue,8,Apple,iPad,iPad Air,Blue,64GB,1021.536,https://store.storeimages.cdn-apple.com/4668/as-images.apple.com/is/ipad-air-finish-select-gallery-202405-11inch-blue?wid=5120&hei=2880&fmt=p-jpg&qlt=95&.v=1713820130252
MM9F3AB/A,10.9-inch iPad Air Wi-Fi 64GB - Starlight,10,Apple,iPad,iPad Air,Starlight,64GB,1021.536,https://store.storeimages.cdn-apple.com/4668/as-images.apple.com/is/ipad-air-finish-select-gallery-202405-11inch-starlight?wid=5120&hei=2880&fmt=p-jpg&qlt=95&.v=1713820130203
MME23AB/A,10.9-inch iPad Air Wi-Fi 64GB - Purple,10,Apple,iPad,iPad Air,Purple,64GB,1021.536,https://store.storeimages.cdn-apple.com/4668/as-images.apple.com/is/ipad-air-finish-select-gallery-202405-11inch-purple?wid=5120&hei=2880&fmt=p-jpg&qlt=95&.v=1713820133391
MME93AB/A,10.9-inch iPad Air Wi-Fi + Cellular 64GB - Purple,10,Apple,iPad,iPad Air,Purple,64GB,1242.792,https://store.storeimages.cdn-apple.com/4668/as-images.apple.com/is/ipad-air-finish-select-gallery-202405-11inch-purple?wid=5120&hei=2880&fmt=p-jpg&qlt=95&.v=1713820133391
MPQ03AB/A,10.9-inch iPad Wi-Fi 64GB - Silver ,93,Apple,iPad,iPad,Silver,64GB,615.896,https://store.storeimages.cdn-apple.com/4668/as-images.apple.com/is/ipad-10th-gen-finish-select-202212-silver?wid=5120&hei=2880&fmt=p-jpg&qlt=95&.v=1667592672884
MPQ13AB/A,10.9-inch iPad Wi-Fi 64GB - Blue ,88,Apple,iPad,iPad,Blue,64GB,615.896,https://store.storeimages.cdn-apple.com/4668/as-images.apple.com/is/ipad-10th-gen-storage-select-202212-blue?wid=5120&hei=2880&fmt=p-jpg&qlt=95&.v=1667592907260
MPQ23AB/A,10.9-inch iPad Wi-Fi 64GB - Yellow ,10,Apple,iPad,iPad,Yellow,64GB,615.896,https://store.storeimages.cdn-apple.com/4668/as-images.apple.com/is/ipad-10th-gen-finish-select-202212-yellow?wid=5120&hei=2880&fmt=p-jpg&qlt=95&.v=1667592772400
MPQ33AB/A,10.9-inch iPad Wi-Fi 64GB - Pink ,10,Apple,iPad,iPad,Pink,64GB,615.896,https://store.storeimages.cdn-apple.com/4668/as-images.apple.com/is/ipad-10th-gen-finish-select-202212-pink?wid=5120&hei=2880&fmt=p-jpg&qlt=95&.v=1667592532880
MQ6J3AB/A,10.9-inch iPad Wi-Fi + Cellular 64GB - Silver,51,Apple,iPad,iPad,Silver,64GB,837.156,https://store.storeimages.cdn-apple.com/4668/as-images.apple.com/is/ipad-10th-gen-finish-select-202212-silver?wid=5120&hei=2880&fmt=p-jpg&qlt=95&.v=1667592672884
MQ6K3AB/A,10.9-inch iPad Wi-Fi + Cellular 64GB - Blue,2,Apple,iPad,iPad,Blue,64GB,837.156,https://store.storeimages.cdn-apple.com/4668/as-images.apple.com/is/ipad-10th-gen-storage-select-202212-blue?wid=5120&hei=2880&fmt=p-jpg&qlt=95&.v=1667592907260
MQ6L3AB/A,10.9-inch iPad Wi-Fi + Cellular 64GB - Yellow,261,Apple,iPad,iPad,Yellow,64GB,837.156,https://store.storeimages.cdn-apple.com/4668/as-images.apple.com/is/ipad-10th-gen-finish-select-202212-yellow?wid=5120&hei=2880&fmt=p-jpg&qlt=95&.v=1667592772400
MQ6M3AB/A,10.9-inch iPad Wi-Fi + Cellular 64GB - Pink,10,Apple,iPad,iPad,Pink,64GB,1003.096,https://store.storeimages.cdn-apple.com/4668/as-images.apple.com/is/ipad-10th-gen-finish-select-202212-pink?wid=5120&hei=2880&fmt=p-jpg&qlt=95&.v=1667592532880
MGN63AB/A,MBA 13 SG/8C CPU/7C GPU/8/256GB-SAU ,552,Apple,Mac,MacBook Air,Space Grey,256GB,1648.432,https://store.storeimages.cdn-apple.com/4668/as-images.apple.com/is/mba13-midnight-config-202402?wid=820&hei=498&fmt=jpeg&qlt=95&.v=1708371033110
MGN63ZS/A,MBA 13 SG/8C CPU/7C GPU/8/256GB-ZSA ,452,Apple,Mac,MacBook Air,Space Grey,256GB,1648.432,https://store.storeimages.cdn-apple.com/4668/as-images.apple.com/is/mba13-midnight-config-202402?wid=820&hei=498&fmt=jpeg&qlt=95&.v=1708371033110
MGN93AB/A,MBA 13 SL/8C CPU/7C GPU/8/256GB-SAU ,10,Apple,Mac,MacBook Air,Silver,256GB,1648.432,https://store.storeimages.cdn-apple.com/4668/as-images.apple.com/is/mba13-silver-config-202402?wid=820&hei=498&fmt=jpeg&qlt=95&.v=1708371033112
MGN93ZS/A,MBA 13 SL/8C CPU/7C GPU/8/256GB-ZSA ,452,Apple,Mac,MacBook Air,Silver,256GB,1648.432,https://store.storeimages.cdn-apple.com/4668/as-images.apple.com/is/mba13-silver-config-202402?wid=820&hei=498&fmt=jpeg&qlt=95&.v=1708371033112
MGND3AB/A,MBA 13 GD/8C CPU/7C GPU/8/256GB-SAU ,10,Apple,Mac,MacBook Air,Gold,256GB,1648.432,https://store.storeimages.cdn-apple.com/4668/as-images.apple.com/is/mba13-starlight-config-202402?wid=820&hei=498&fmt=jpeg&qlt=95&.v=1708371033145
MGND3ZS/A,MBA 13 GD/8C CPU/7C GPU/8/256GB-ZSA ,10,Apple,Mac,MacBook Air,Gold,256GB,1648.432,https://store.storeimages.cdn-apple.com/4668/as-images.apple.com/is/mba13-starlight-config-202402?wid=820&hei=498&fmt=jpeg&qlt=95&.v=1708371033145
MGPK3ZS/A,IMAC 24 BLU/8C CPU/8C GPU/8GB/256GB-ZSA,1,Apple,Mac,iMac,Blue,256GB,2422.832,https://store.storeimages.cdn-apple.com/4668/as-images.apple.com/is/imac-24-no-id-blue-cto-hero-202310?wid=1254&hei=1132&fmt=jpeg&qlt=95&.v=1699550956870
MMFJ3AB/A,MAC MINI/8C CPU/10C  GPU/8GB/256GB-SAU,10,Apple,Mac,Mac mini,N/A,256GB,1021.536,https://store.storeimages.cdn-apple.com/4668/as-images.apple.com/is/mac-mini-hero-202301?wid=820&hei=286&fmt=jpeg&qlt=95&.v=1670038314708
MNEH3AB/A,MBP 13.3 SG/8C CPU/10C GPU/8GB/256GB-SAU,7,Apple,Mac,MacBook Pro,Space Grey,256GB,2127.82,https://store.storeimages.cdn-apple.com/4668/as-images.apple.com/is/mbp-14-spacegray-cto-hero-202310?wid=772&hei=466&fmt=jpeg&qlt=95&.v=1697913381764
MNEH3ZS/A,MBP 13.3 SG/8C CPU/10C GPU/8GB/256GB-ZSA,10,Apple,Mac,MacBook Pro,Space Grey,256GB,2127.82,https://store.storeimages.cdn-apple.com/4668/as-images.apple.com/is/mbp-14-spacegray-cto-hero-202310?wid=772&hei=466&fmt=jpeg&qlt=95&.v=1697913381764
MNEP3AB/A,MBP 13.3 SL/8C CPU/10C GPU/8GB/256GB-SAU,54,Apple,Mac,MacBook Pro,Silver,256GB,2127.82,https://store.storeimages.cdn-apple.com/4668/as-images.apple.com/is/mbp-14-silver-cto-hero-202310?wid=772&hei=466&fmt=jpeg&qlt=95&.v=1697913381686
MNEP3ZS/A,MBP 13.3 SL/8C CPU/10C GPU/8GB/256GB-ZSA,8,Apple,Mac,MacBook Pro,Silver,256GB,2127.82,https://store.storeimages.cdn-apple.com/4668/as-images.apple.com/is/mbp-14-silver-cto-hero-202310?wid=772&hei=466&fmt=jpeg&qlt=95&.v=1697913381686
MQR93AB/A,"24-inch iMac with Retina 4.5K  display: Apple M3 chip with 8_core CPU and 8_core GPU, 256GB SSD - Silver",13,Apple,Mac,iMac,Silver,256GB,2127.82,https://store.storeimages.cdn-apple.com/4668/as-images.apple.com/is/imac-24-no-id-silver-cto-hero-202310?wid=1254&hei=1132&fmt=jpeg&qlt=95&.v=1699550952998
MQR93ZS/A,"24-inch iMac with Retina 4.5K  display: Apple M3 chip with 8_core CPU and 8_core GPU, 256GB SSD - Silver",10,Apple,Mac,iMac,Silver,256GB,2127.82,https://store.storeimages.cdn-apple.com/4668/as-images.apple.com/is/imac-24-no-id-silver-cto-hero-202310?wid=1254&hei=1132&fmt=jpeg&qlt=95&.v=1699550952998
MQRA3AB/A,"24-inch iMac with Retina 4.5K  display: Apple M3 chip with 8_core CPU and 8_core GPU, 256GB SSD - Green",10,Apple,Mac,iMac,Green,256GB,2127.82,https://store.storeimages.cdn-apple.com/4668/as-images.apple.com/is/imac-24-no-id-green-cto-hero-202310?wid=1254&hei=1132&fmt=jpeg&qlt=95&.v=1699550955731
MQRA3ZS/A,"24-inch iMac with Retina 4.5K  display: Apple M3 chip with 8_core CPU and 8_core GPU, 256GB SSD - Green",10,Apple,Mac,iMac,Green,256GB,2127.82,https://store.storeimages.cdn-apple.com/4668/as-images.apple.com/is/imac-24-no-id-green-cto-hero-202310?wid=1254&hei=1132&fmt=jpeg&qlt=95&.v=1699550955731
MQRC3AB/A,"24-inch iMac with Retina 4.5K  display: Apple M3 chip with 8_core CPU and 8_core GPU, 256GB SSD - Blue",10,Apple,Mac,iMac,Blue,256GB,2127.82,https://store.storeimages.cdn-apple.com/4668/as-images.apple.com/is/imac-24-no-id-blue-cto-hero-202310?wid=1254&hei=1132&fmt=jpeg&qlt=95&.v=1699550956870
MQRC3ZS/A,"24-inch iMac with Retina 4.5K  display: Apple M3 chip with 8_core CPU and 8_core GPU, 256GB SSD - Blue",10,Apple,Mac,iMac,Blue,256GB,2127.82,https://store.storeimages.cdn-apple.com/4668/as-images.apple.com/is/imac-24-no-id-blue-cto-hero-202310?wid=1254&hei=1132&fmt=jpeg&qlt=95&.v=1699550956870
MR8V3QA/A,Apple Watch Series 9 GPS 41mm  Starlight Aluminium Case with Starlight Sport Loop,8,Apple,Watch,Watch Series 9,Starlight,Loop,692.088,https://store.storeimages.cdn-apple.com/1/as-images.apple.com/is/s9-case-select-202309-aluminum-starlight?wid=5120&hei=3280&fmt=p-jpg&qlt=80&.v=d0NUMm84V3AvNk9zUmI5MXRTL1o5M1kvcFR2Y2FEOUpVbmRoVDJuamNPL2FkOFU2MWsxeWdvellJRlRDRlhEeHpvSEo2UzBKSm5BUmFETEIwa1Jzd1BXdlJRYjdSZWJHVUh4aFVDb0hhVVVJTW1HZHZJNEwxTXp4bnNxckZIcis=
MR8Y3QA/A,Apple Watch Series 9 GPS 41mm  Midnight Aluminium Case with Midnight Sport Loop,21,Apple,Watch,Watch Series 9,Midnight,Loop,692.088,https://store.storeimages.cdn-apple.com/1/as-images.apple.com/is/s9-case-select-202309-aluminum-midnight?wid=5120&hei=3280&fmt=p-jpg&qlt=80&.v=d0NUMm84V3AvNk9zUmI5MXRTL1o5MW4zblI2MjRYT0VIZGxCNFFIVjNSQnJnV2xBenVhdk9GcDNOWlRHZmVzbkxNckZKekhaNGVhZVQvMTRuMXRSYTBwUXBKSm5JTEZ3bmFCZ2s4QnRiQ05nb2t1NHVjaitOVlhlZUl5MVMydnk=
MR923QA/A,Apple Watch Series 9 GPS 41mm  Silver Aluminium Case with Winter Blue Sport Loop,10,Apple,Watch,Watch Series 9,Silver,Loop,692.088,https://store.storeimages.cdn-apple.com/1/as-images.apple.com/is/s9-case-select-202309-aluminum-silver?wid=5120&hei=3280&fmt=p-jpg&qlt=80&.v=d0NUMm84V3AvNk9zUmI5MXRTL1o5M1kvcFR2Y2FEOUpVbmRoVDJuamNPOFJDMysrWkdQQW9YMjZaV0R5MkdreFN4akdjaWsxOXRHMzdmYXdzRTJINmRQb20wYzdFOUM0UVl0djFnNTNTeDN3L3lyOG5KMjAvVGEzWEJocDhqM2Y=
MR953QA/A,Apple Watch Series 9 GPS 41mm Pink  Aluminium Case with Light Pink Sport Loop,6,Apple,Watch,Watch Series 9,Pink,Loop,692.088,https://store.storeimages.cdn-apple.com/1/as-images.apple.com/is/s9-case-select-202309-aluminum-pink?wid=5120&hei=3280&fmt=p-jpg&qlt=80&.v=d0NUMm84V3AvNk9zUmI5MXRTL1o5em5zVU1YK1dremcwcnVSV0hmNis1M2VBZDlxVUJSaEtFRjFpR2NmRnBWNmZFejgveGhwTytGYVVSL250YW5HSzdocWRiYlRVbG8xd3BHYXIwYzhiczJwSG9aWE9wYWJiaDJUTmFlOXNOdHA=
MR983QA/A,Apple Watch Series 9 GPS 45mm  Starlight Aluminium Case with Starlight Sport Loop,6,Apple,Watch,Watch Series 9,Starlight,Loop,736.52,https://store.storeimages.cdn-apple.com/1/as-images.apple.com/is/s9-case-select-202309-aluminum-starlight?wid=5120&hei=3280&fmt=p-jpg&qlt=80&.v=d0NUMm84V3AvNk9zUmI5MXRTL1o5M1kvcFR2Y2FEOUpVbmRoVDJuamNPL2FkOFU2MWsxeWdvellJRlRDRlhEeHpvSEo2UzBKSm5BUmFETEIwa1Jzd1BXdlJRYjdSZWJHVUh4aFVDb0hhVVVJTW1HZHZJNEwxTXp4bnNxckZIcis=
MR9C3QA/A,Apple Watch Series 9 GPS 45mm  Midnight Aluminium Case with Midnight Sport Loop,57,Apple,Watch,Watch Series 9,Midnight,Loop,736.52,https://store.storeimages.cdn-apple.com/1/as-images.apple.com/is/s9-case-select-202309-aluminum-midnight?wid=5120&hei=3280&fmt=p-jpg&qlt=80&.v=d0NUMm84V3AvNk9zUmI5MXRTL1o5MW4zblI2MjRYT0VIZGxCNFFIVjNSQnJnV2xBenVhdk9GcDNOWlRHZmVzbkxNckZKekhaNGVhZVQvMTRuMXRSYTBwUXBKSm5JTEZ3bmFCZ2s4QnRiQ05nb2t1NHVjaitOVlhlZUl5MVMydnk=
MR9F3QA/A,Apple Watch Series 9 GPS 45mm  Silver Aluminium Case with Winter Blue Sport Loop,6,Apple,Watch,Watch Series 9,Silver,Loop,736.52,https://store.storeimages.cdn-apple.com/1/as-images.apple.com/is/s9-case-select-202309-aluminum-silver?wid=5120&hei=3280&fmt=p-jpg&qlt=80&.v=d0NUMm84V3AvNk9zUmI5MXRTL1o5M1kvcFR2Y2FEOUpVbmRoVDJuamNPOFJDMysrWkdQQW9YMjZaV0R5MkdreFN4akdjaWsxOXRHMzdmYXdzRTJINmRQb20wYzdFOUM0UVl0djFnNTNTeDN3L3lyOG5KMjAvVGEzWEJocDhqM2Y=
MR9J3QA/A,Apple Watch Series 9 GPS 45mm Pink  Aluminium Case with Light Pink Sport Loop,10,Apple,Watch,Watch Series 9,Pink,Loop,736.52,https://store.storeimages.cdn-apple.com/1/as-images.apple.com/is/s9-case-select-202309-aluminum-pink?wid=5120&hei=3280&fmt=p-jpg&qlt=80&.v=d0NUMm84V3AvNk9zUmI5MXRTL1o5em5zVU1YK1dremcwcnVSV0hmNis1M2VBZDlxVUJSaEtFRjFpR2NmRnBWNmZFejgveGhwTytGYVVSL250YW5HSzdocWRiYlRVbG8xd3BHYXIwYzhiczJwSG9aWE9wYWJiaDJUTmFlOXNOdHA=
MRHQ3QA/A,Apple Watch Series?9 GPS +  Cellular 41mm Starlight Aluminium Case with Starlight Sport Loop,12,Apple,Watch,Watch Series 9,Starlight,Loop,840.2,https://store.storeimages.cdn-apple.com/1/as-images.apple.com/is/s9-case-select-202309-aluminum-starlight?wid=5120&hei=3280&fmt=p-jpg&qlt=80&.v=d0NUMm84V3AvNk9zUmI5MXRTL1o5M1kvcFR2Y2FEOUpVbmRoVDJuamNPL2FkOFU2MWsxeWdvellJRlRDRlhEeHpvSEo2UzBKSm5BUmFETEIwa1Jzd1BXdlJRYjdSZWJHVUh4aFVDb0hhVVVJTW1HZHZJNEwxTXp4bnNxckZIcis=
MRHU3QA/A,Apple Watch Series?9 GPS +  Cellular 41mm Midnight Aluminium Case with Midnight Sport Loop,11,Apple,Watch,Watch Series 9,Midnight,Loop,840.2,https://store.storeimages.cdn-apple.com/1/as-images.apple.com/is/s9-case-select-202309-aluminum-midnight?wid=5120&hei=3280&fmt=p-jpg&qlt=80&.v=d0NUMm84V3AvNk9zUmI5MXRTL1o5MW4zblI2MjRYT0VIZGxCNFFIVjNSQnJnV2xBenVhdk9GcDNOWlRHZmVzbkxNckZKekhaNGVhZVQvMTRuMXRSYTBwUXBKSm5JTEZ3bmFCZ2s4QnRiQ05nb2t1NHVjaitOVlhlZUl5MVMydnk=
MRHX3QA/A,Apple Watch Series?9 GPS +  Cellular 41mm Silver Aluminium Case with Winter Blue Sport Loop,2,Apple,Watch,Watch Series 9,Silver,Loop,840.2,https://store.storeimages.cdn-apple.com/1/as-images.apple.com/is/s9-case-select-202309-aluminum-silver?wid=5120&hei=3280&fmt=p-jpg&qlt=80&.v=d0NUMm84V3AvNk9zUmI5MXRTL1o5M1kvcFR2Y2FEOUpVbmRoVDJuamNPOFJDMysrWkdQQW9YMjZaV0R5MkdreFN4akdjaWsxOXRHMzdmYXdzRTJINmRQb20wYzdFOUM0UVl0djFnNTNTeDN3L3lyOG5KMjAvVGEzWEJocDhqM2Y=
MRJ13QA/A,Apple Watch Series?9 GPS +  Cellular 41mm Pink Aluminium Case with Light Pink Sport Loop,6,Apple,Watch,Watch Series 9,Pink,Loop,840.2,https://store.storeimages.cdn-apple.com/1/as-images.apple.com/is/s9-case-select-202309-aluminum-pink?wid=5120&hei=3280&fmt=p-jpg&qlt=80&.v=d0NUMm84V3AvNk9zUmI5MXRTL1o5em5zVU1YK1dremcwcnVSV0hmNis1M2VBZDlxVUJSaEtFRjFpR2NmRnBWNmZFejgveGhwTytGYVVSL250YW5HSzdocWRiYlRVbG8xd3BHYXIwYzhiczJwSG9aWE9wYWJiaDJUTmFlOXNOdHA=
MRJ43QA/A,Apple Watch Series?9 GPS +  Cellular 41mm Silver Stainless Steel Case with Silver Milanese Loop,19,Apple,Watch,Watch Series 9,XXX,Loop,1210.488,https://store.storeimages.cdn-apple.com/1/as-images.apple.com/is/s9-case-select-202309-aluminum-starlight?wid=5120&hei=3280&fmt=p-jpg&qlt=80&.v=d0NUMm84V3AvNk9zUmI5MXRTL1o5M1kvcFR2Y2FEOUpVbmRoVDJuamNPL2FkOFU2MWsxeWdvellJRlRDRlhEeHpvSEo2UzBKSm5BUmFETEIwa1Jzd1BXdlJRYjdSZWJHVUh4aFVDb0hhVVVJTW1HZHZJNEwxTXp4bnNxckZIcis=
MRJ73QA/A,Apple Watch Series?9 GPS +  Cellular 41mm Gold Stainless Steel Case with Gold Milanese Loop,5,Apple,Watch,Watch Series 9,Gold,Loop,1210.488,https://store.storeimages.cdn-apple.com/1/as-images.apple.com/is/s9-case-select-202309-stainless-gold?wid=5120&hei=3280&fmt=p-jpg&qlt=80&.v=d0NUMm84V3AvNk9zUmI5MXRTL1o5Nis1TkpXWGFOcTU3QmlsdXJ5TEVqMVphbVpDMUpyQUk2RzVFSHppWkNxUnc2NytHaDA2aFdROEtrekNxcXV6T3I5QTBhMSs2SW5aRXVMeUpUR3lNUFZrZ0FTWDBGNlZXTzBBbmlOa0xyRU0=
MRJA3QA/A,Apple Watch Series?9 GPS +  Cellular 41mm Graphite Stainless Steel Case with Graphite Milanese Loop,5,Apple,Watch,Watch Series 9,Graphite,Loop,1210.488,https://store.storeimages.cdn-apple.com/1/as-images.apple.com/is/s9-case-select-202309-stainless-graphite?wid=5120&hei=3280&fmt=p-jpg&qlt=80&.v=d0NUMm84V3AvNk9zUmI5MXRTL1o5Nis1TkpXWGFOcTU3QmlsdXJ5TEVqM1dBQUlKSUM4ZzMwdS9TbU9yOFJIcnpvSEo2UzBKSm5BUmFETEIwa1Jzd1BXdlJRYjdSZWJHVUh4aFVDb0hhVVZtMGtUdVg4eEdISVBhaGN1WEJMNmU=
MRMA3QA/A,Apple Watch Series?9 GPS +  Cellular 45mm Starlight Aluminium Case with Starlight Sport Loop,2,Apple,Watch,Watch Series 9,Starlight,Loop,884.636,https://store.storeimages.cdn-apple.com/1/as-images.apple.com/is/s9-case-select-202309-aluminum-starlight?wid=5120&hei=3280&fmt=p-jpg&qlt=80&.v=d0NUMm84V3AvNk9zUmI5MXRTL1o5M1kvcFR2Y2FEOUpVbmRoVDJuamNPL2FkOFU2MWsxeWdvellJRlRDRlhEeHpvSEo2UzBKSm5BUmFETEIwa1Jzd1BXdlJRYjdSZWJHVUh4aFVDb0hhVVVJTW1HZHZJNEwxTXp4bnNxckZIcis=
MRMF3QA/A,Apple Watch Series?9 GPS +  Cellular 45mm Midnight Aluminium Case with Midnight Sport Loop,3,Apple,Watch,Watch Series 9,Midnight,Loop,884.636,https://store.storeimages.cdn-apple.com/1/as-images.apple.com/is/s9-case-select-202309-aluminum-midnight?wid=5120&hei=3280&fmt=p-jpg&qlt=80&.v=d0NUMm84V3AvNk9zUmI5MXRTL1o5MW4zblI2MjRYT0VIZGxCNFFIVjNSQnJnV2xBenVhdk9GcDNOWlRHZmVzbkxNckZKekhaNGVhZVQvMTRuMXRSYTBwUXBKSm5JTEZ3bmFCZ2s4QnRiQ05nb2t1NHVjaitOVlhlZUl5MVMydnk=
MRMJ3QA/A,Apple Watch Series?9 GPS +  Cellular 45mm Silver Aluminium Case with Winter Blue Sport Loop,10,Apple,Watch,Watch Series 9,XXX,Loop,884.636,https://store.storeimages.cdn-apple.com/1/as-images.apple.com/is/s9-case-select-202309-aluminum-starlight?wid=5120&hei=3280&fmt=p-jpg&qlt=80&.v=d0NUMm84V3AvNk9zUmI5MXRTL1o5M1kvcFR2Y2FEOUpVbmRoVDJuamNPL2FkOFU2MWsxeWdvellJRlRDRlhEeHpvSEo2UzBKSm5BUmFETEIwa1Jzd1BXdlJRYjdSZWJHVUh4aFVDb0hhVVVJTW1HZHZJNEwxTXp4bnNxckZIcis=
MRMM3QA/A,Apple Watch Series?9 GPS +  Cellular 45mm Pink Aluminium Case with Light Pink Sport Loop,2,Apple,Watch,Watch Series 9,Pink,Loop,884.636,https://store.storeimages.cdn-apple.com/1/as-images.apple.com/is/s9-case-select-202309-aluminum-pink?wid=5120&hei=3280&fmt=p-jpg&qlt=80&.v=d0NUMm84V3AvNk9zUmI5MXRTL1o5em5zVU1YK1dremcwcnVSV0hmNis1M2VBZDlxVUJSaEtFRjFpR2NmRnBWNmZFejgveGhwTytGYVVSL250YW5HSzdocWRiYlRVbG8xd3BHYXIwYzhiczJwSG9aWE9wYWJiaDJUTmFlOXNOdHA=
MRMQ3QA/A,Apple Watch Series?9 GPS +  Cellular 45mm Silver Stainless Steel Case with Silver Milanese Loop,4,Apple,Watch,Watch Series 9,Silver,Loop,1284.544,https://store.storeimages.cdn-apple.com/1/as-images.apple.com/is/s9-case-select-202309-aluminum-silver?wid=5120&hei=3280&fmt=p-jpg&qlt=80&.v=d0NUMm84V3AvNk9zUmI5MXRTL1o5M1kvcFR2Y2FEOUpVbmRoVDJuamNPOFJDMysrWkdQQW9YMjZaV0R5MkdreFN4akdjaWsxOXRHMzdmYXdzRTJINmRQb20wYzdFOUM0UVl0djFnNTNTeDN3L3lyOG5KMjAvVGEzWEJocDhqM2Y=
MRMU3QA/A,Apple Watch Series?9 GPS +  Cellular 45mm Gold Stainless Steel Case with Gold Milanese Loop,1,Apple,Watch,Watch Series 9,Gold,Loop,1284.544,https://store.storeimages.cdn-apple.com/1/as-images.apple.com/is/s9-case-select-202309-stainless-gold?wid=5120&hei=3280&fmt=p-jpg&qlt=80&.v=d0NUMm84V3AvNk9zUmI5MXRTL1o5Nis1TkpXWGFOcTU3QmlsdXJ5TEVqMVphbVpDMUpyQUk2RzVFSHppWkNxUnc2NytHaDA2aFdROEtrekNxcXV6T3I5QTBhMSs2SW5aRXVMeUpUR3lNUFZrZ0FTWDBGNlZXTzBBbmlOa0xyRU0=
MRMX3QA/A,Apple Watch Series?9 GPS +  Cellular 45mm Graphite Stainless Steel Case with Graphite Milanese Loop,13,Apple,Watch,Watch Series 9,Graphite,Loop,1284.544,https://store.storeimages.cdn-apple.com/1/as-images.apple.com/is/s9-case-select-202309-stainless-graphite?wid=5120&hei=3280&fmt=p-jpg&qlt=80&.v=d0NUMm84V3AvNk9zUmI5MXRTL1o5Nis1TkpXWGFOcTU3QmlsdXJ5TEVqM1dBQUlKSUM4ZzMwdS9TbU9yOFJIcnpvSEo2UzBKSm5BUmFETEIwa1Jzd1BXdlJRYjdSZWJHVUh4aFVDb0hhVVZtMGtUdVg4eEdISVBhaGN1WEJMNmU=
MGYH3ZE/A,AirPods Max - Space Gray ,69,Apple,Airpods,AirPods Max,Space Grey,N/A,874.032,https://www.apple.com/v/airpods-max/f/images/overview/design_colors_gray_front__bgkzj4cnbafm_medium.jpg
MGYJ3ZE/A,AirPods Max - Silver ,10,Apple,Airpods,AirPods Max,Silver,N/A,874.032,https://www.apple.com/v/airpods-max/f/images/overview/design_colors_silver_front__g8c839jaldqy_medium.jpg
MGYL3ZE/A,AirPods Max - Sky Blue ,25,Apple,Airpods,AirPods Max,Sky Blue,N/A,874.032,https://www.apple.com/v/airpods-max/f/images/overview/design_colors_blue_front__ddfias5frxqq_medium.jpg
MGYM3ZE/A,AirPods Max - Pink ,17,Apple,Airpods,AirPods Max,Pink,N/A,874.032,https://www.apple.com/v/airpods-max/f/images/overview/design_colors_pink_front__dbqafvrvcy6a_medium.jpg
MGYN3ZE/A,AirPods Max - Green ,10,Apple,Airpods,AirPods Max,Green,N/A,874.032,https://www.apple.com/v/airpods-max/f/images/overview/design_colors_green_front__cqpeugza9as2_medium.jpg
MME73ZE/A,AirPods (3rd?generation) ,1270,Apple,Airpods,AirPods (3rd generation),N/A,N/A,376.2,https://www.apple.com/v/airpods-3rd-generation/f/images/specs/hero_airpods_3gen__er2vzgadkpiu_large.jpg
MN873AE/A,Apple TV 4K WiFi with 64GB storage ,10,Apple,Apple TV,Apple TV,N/A,64GB,295.076,https://store.storeimages.cdn-apple.com/4668/as-images.apple.com/is/apple-tv-4k-hero-select-202210?wid=1076&hei=1070&fmt=jpeg&qlt=95&.v=1664896361408
MN893AE/A,Apple TV 4K Wi Fi+Ethernet with 128GB storage,10,Apple,Apple TV,Apple TV,N/A,128GB,320.888,https://store.storeimages.cdn-apple.com/4668/as-images.apple.com/is/apple-tv-4k-hero-select-202210?wid=1076&hei=1070&fmt=jpeg&qlt=95&.v=1664896361408
MPNY3ZE/A,AirPods (3rd?generation) with Lightning Charging Case,984,Apple,Airpods,AirPods (3rd generation),N/A,N/A,365.14,https://www.apple.com/v/airpods-3rd-generation/f/images/specs/hero_airpods_3gen__er2vzgadkpiu_large.jpg
MTJV3ZE/A,AirPods Pro (2nd generation) with  MagSafe Case (USB?C),2190,Apple,Airpods,AirPods Pro,N/A,N/A,449.956,https://store.storeimages.cdn-apple.com/4668/as-images.apple.com/is/MTJV3?wid=1144&hei=1144&fmt=jpeg&qlt=90&.v=1694014871985
